settlement_id,payment_id,settlement_amount,settlement_status,settlement_date
SETTL_2001,PAY_1001,1467.00,SETTLED,2026-03-03T08:00:00Z
SETTL_2002,PAY_1002,2396.61,SETTLED,2026-03-03T08:00:00Z
SETTL_2003,PAY_1003,879.22,SETTLED,2026-03-03T08:00:00Z
SETTL_2004,PAY_1004,11736.00,SETTLED,2026-03-03T08:00:00Z
SETTL_2005,PAY_1005,3422.02,SETTLED,2026-03-03T08:00:00Z
SETTL_2007,PAY_1007,4890.00,SETTLED,2026-03-03T08:00:00Z
SETTL_2008,PAY_1008,1810.03,SETTLED,2026-03-03T08:00:00Z
SETTL_2009,PAY_1009,9779.02,SETTLED,2026-03-03T08:00:00Z
SETTL_2010,PAY_1010,440.10,SETTLED,2026-03-03T08:00:00Z
